sampling,duration,len,mean,var,std,skew,kurtosis,n_peaks,smooth10_n_peaks,smooth20_n_peaks,diff_peaks,diff2_peaks,diff_var,diff2_var,gaps_squared,len_weighted,var_div_duration,var_div_len
5,90,19,-2.911464210526316e-06,3.7013822075698225e-10,1.923897660368093e-05,0.0478062072179896,-1.5101307430409376,1,1,2,1,2,4.4772503289098766e-11,1.0602178299446372e-11,450,95,4.112646897299804e-12,1.9480958987209595e-11
1,198,199,-1.0495236432160806e-06,5.339947695131565e-10,2.310832684365436e-05,-0.1041889661129474,-1.3874609017024164,1,1,1,41,55,3.913336729971621e-12,9.945435765051948e-12,202,199,2.696943280369478e-12,2.6833908015736517e-12
5,610,123,-1.75161935796748e-05,1.4661455260920714e-10,1.210844963689436e-05,-0.1391727443814431,-1.272961138311596,1,1,1,38,41,5.412228748145817e-13,7.807246539165029e-13,3050,615,2.4035172558886416e-13,1.19198823259518e-12
1,177,178,4.341548820224719e-07,2.586415198167186e-10,1.608233564556836e-05,-0.0982646630239422,-1.3704141178834812,1,1,1,51,57,5.63576105585588e-13,6.998270079582643e-13,243,178,1.4612515243882409e-12,1.4530422461613405e-12
5,270,55,1.0273315727272727e-05,4.718557150055821e-10,2.1722240101002065e-05,-0.6819903080093447,0.2405576021230548,2,1,1,1,2,3.8858449726644756e-10,1.3086576440119082e-09,1350,275,1.7476137592799341e-12,8.579194818283313e-12
