segment,anomaly,train,channel,sampling,duration,len,mean,var,std,skew,kurtosis,n_peaks,smooth10_n_peaks,smooth20_n_peaks,diff_peaks,diff2_peaks,diff_var,diff2_var,gaps_squared,len_weighted,var_div_duration,var_div_len
1894,0,1,CADC0872,0.7121636283136222,-0.8231370021613194,-0.8252621350720037,-0.6157683829393138,0,-0.15991294638699816,0.8986423023877383,-0.808441487024019,-0.17252813830517935,0,1.6188544268007592,-0.766242807249905,-0.8838095001124119,0,0,-0.38617188902865945,-0.8149641264380585,0,0
78,0,1,CADC0872,-1.4041716822410097,-0.04629106645679635,0.9296532948992912,-0.3376125608832149,0,0.53362485709897,0.07839528473714646,-0.2564293115801626,-0.17252813830517935,0,-0.617720768121342,0.5001280395300551,0.68357818746983,0,0,-0.7243457703587547,-0.065712732173418,0,0
1938,0,0,CADC0872,0.7121636283136222,2.9172323178974953,0.18868900224474436,-2.797572987718342,0,-1.4379802454269994,-0.11039584041526354,0.25881765366821996,-0.17252813830517935,0,-0.617720768121342,0.40515022602155815,0.26955125112735107,0,0,3.1591994474965324,2.931292844885144,0,0
91,0,0,CADC0872,-1.4041716822410097,-0.19734444284378694,0.7249131614026401,-0.1159654110760174,0,-0.7257055732385465,0.11036598376608481,-0.1797190776911049,-0.17252813830517935,0,-0.617720768121342,0.8167207512250452,0.7427248926616128,0,0,-0.6684379915904728,-0.21700387909223962,0,0
2073,1,1,CADC0872,0.7121636283136222,0.47160622401288566,-0.4742790490777448,1.3539095791909292,0,0.2851842933554576,-3.039728910253751,3.4496416178239535,3.871100103222444,0,-0.617720768121342,-0.766242807249905,-0.8838095001124119,0,0,0.8410720351531377,0.48181713286612693,0,0
